{"epoch": 1, "train_loss": 0.1079305481651244, "train_accuracy": 99.95015985056475, "val_loss": 0.005834299316305698, "val_accuracy": 99.95168669621816, "_timestamp": 1743526483.7111208, "_runtime": 6710.578104734421, "_step": 0}